"","x"
"sexual",3300
"gender",2822
"sex",2800
"survey",2350
"health",2172
"question",2070
"ident",2003
"the",1874
"transgend",1743
"respond",1553
"report",1491
"orient",1399
"data",1325
"measur",1298
"research",1117
"studi",1082
"respons",1055
"male",1019
"women",1011
"identifi",986
"differ",942
"bisexu",914
"peopl",897
"femal",874
"includ",868
"heterosexu",859
"gay",843
"men",842
"group",841
"item",840
"sampl",814
"partner",763
"among",735
"minor",733
"coupl",731
"interview",717
"particip",717
"lesbian",713
"nation",713
"popul",713
"answer",669
"behavior",655
"categori",633
"estim",603
"social",592
"relationship",570
"birth",530
"this",527
"person",522
"tabl",520
"state",500
"number",489
"household",486
"option",485
"provid",478
"violenc",470
"age",464
"adult",461
"relat",450
"status",450
"statist",443
"attract",440
"adolesc",439
"public",439
"test",435
"current",433
"result",423
"percent",421
"compar",415
"individu",413
"collect",411
"census",406
"assign",398
"term",384
"american",374
"experi",373
"method",367
"rate",367
"find",362
"indic",362
"time",362
"journal",361
"for",353
"univers",352
"marri",351
"signific",345
"assess",344
"inform",344
"base",328
"straight",327
"year",327
"tran",326
"risk",324
"care",323
"other",323
"develop",318
"nonrespons",315
"school",311
"center",305
"know",304
"most",304
"import",298
"victim",298
"analysi",297
"higher",297
"exampl",286
"mani",283
"addit",279
"error",278
"select",278
"chang",275
"examin",273
"whether",273
"design",269
"lgb",269
"race",268
"work",267
"intim",266
"mean",264
"preval",262
"follow",260
"youth",259
"associ",258
"cisgend",257
"homosexu",257
"communiti",255
"less",255
"across",254
"describ",254
"institut",254
"factor",253
"form",250
"press",250
"white",250
"understand",248
"present",245
"tion",245
"valid",244
"high",243
"oppositesex",242
"unit",242
"match",240
"lgbt",239
"live",236
"refer",236
"scale",236
"suggest",236
"conduct",233
"issu",232
"cognit",231
"variabl",225
"natal",224
"percentag",222
"avail",220
"three",220
"name",217
"consist",216
"express",212
"show",211
"recommend",210
"similar",209
"analys",208
"general",208
"patient",208
"specif",208
"note",206
"dont",205
"demograph",204
"legal",204
"nonconform",204
"complet",203
"effect",202
"level",200
"approach",196
"order",196
"although",195
"small",195
"within",195
"size",194
"total",194
"support",193
"author",192
"pattern",190
"unmarri",190
"focus",189
"least",188
"evalu",187
"educ",185
"process",185
"model",184
"rang",183
"dispar",182
"populationbas",182
"publish",182
"consid",181
"practic",181
"control",180
"servic",180
"case",179
"characterist",179
"repres",179
"sexgend",179
"system",179
"psycholog",178
"racial",178
"review",178
"prefer",176
"what",176
"increas",175
"paper",173
"probabl",173
"type",173
"nhis",172
"allow",170
"concern",170
"discrimin",170
"part",170
"these",170
"divers",169
"lifetim",169
"direct",167
"appear",166
"limit",166
"samesex",166
"student",166
"miss",165
"standard",165
"figur",164
"physic",164
"famili",162
"major",162
"possibl",162
"sensit",162
"nsfg",161
"prevent",160
"refus",160
"tsq",160
"problem",158
"feel",157
"sourc",157
"twostep",157
"dimens",155
"label",155
"ethnic",154
"four",154
"word",154
"access",153
"depart",153
"initi",151
"per",150
"record",149
"medic",147
"potenti",147
"proxi",147
"second",147
"surveil",146
"black",145
"marriag",145
"construct",144
"polici",144
"given",143
"hiv",142
"interpret",141
"languag",141
"member",141
"either",140
"gaylesbian",140
"determin",139
"intern",138
"conceptu",137
"experienc",137
"impact",137
"all",135
"questionnair",135
"third",135
"misreport",134
"posit",134
"rape",134
"selfreport",133
"equal",132
"just",132
"march",132
"treatment",132
"exclus",131
"young",131
"evid",130
"intersex",130
"not",129
"discuss",127
"mode",127
"degre",126
"onlin",126
"perpetr",126
"how",125
"distribut",124
"masculin",124
"defin",123
"due",123
"york",123
"final",122
"there",122
"toward",122
"william",122
"definit",121
"greater",121
"lower",121
"place",121
"previous",121
"best",120
"duke",120
"regard",120
"reisner",120
"version",120
"clinic",119
"context",119
"desir",119
"inconsist",119
"interest",119
"seri",119
"strong",119
"weight",119
"area",118
"conron",117
"els",117
"administr",116
"bureau",116
"improv",116
"offer",116
"thus",116
"yes",116
"comparison",115
"list",115
"reflect",115
"score",115
"separ",115
"shown",115
"asian",114
"overal",114
"vari",114
"austin",113
"observ",113
"saewyc",113
"scienc",113
"sever",113
"cent",112
"accept",111
"challeng",111
"cohort",111
"english",111
"offic",111
"proport",111
"captur",110
"colleg",110
"exist",110
"feminin",110
"methodolog",110
"some",110
"view",110
"incom",109
"washington",109
"code",107
"forc",107
"human",107
"inclus",107
"cultur",106
"organ",106
"reason",106
"affect",105
"articl",105
"past",105
"substanc",105
"without",105
"page",104
"partnership",104
"self",104
"chapter",103
"check",103
"law",103
"multipl",103
"condit",102
"made",102
"address",101
"appli",101
"bias",101
"combin",101
"qualiti",101
"accur",100
"hispan",100
"section",100
"abus",99
"categor",99
"depend",99
"doi",99
"origin",99
"outcom",99
"step",99
"activ",98
"close",98
"common",98
"key",98
"life",98
"our",98
"program",98
"recent",98
"woman",98
"averag",97
"bodi",97
"count",97
"occur",97
"california",96
"document",96
"requir",96
"explor",95
"mental",95
"spous",95
"quarter",94
"feder",93
"investig",93
"valu",92
"domest",91
"grant",91
"man",91
"medicin",91
"monitor",91
"negat",91
"remain",91
"when",91
"behaviour",90
"ing",90
"older",90
"diseas",89
"non",89
"teen",89
"while",89
"classifi",88
"detail",88
"distinct",88
"marit",88
"reliabl",88
"better",87
"futur",87
"low",87
"polit",87
"random",87
"respect",87
"user",87
"behav",86
"edit",86
"manuscript",86
"perceiv",86
"receiv",86
"date",85
"five",85
"appropri",84
"clear",84
"whose",84
"concept",83
"correl",83
"nonheterosexu",83
"singl",83
"therefor",83
"aspect",82
"childhood",82
"los",82
"continu",81
"mark",81
"reduc",81
"april",80
"brfss",80
"con",80
"expect",80
"explain",80
"nepal",80
"role",80
"still",80
"transsexu",80
"true",80
"usa",80
"binari",79
"civil",79
"download",79
"skip",79
"biolog",78
"consider",78
"effort",78
"longitudin",78
"angel",77
"der",77
"econom",77
"field",77
"revis",77
"actual",76
"and",76
"boston",76
"choos",76
"contact",76
"spanish",76
"suicid",76
"telephon",76
"govern",75
"read",75
"stigma",75
"versus",75
"half",74
"purpos",74
"they",74
"various",74
"affirm",73
"creat",73
"gut",73
"interact",73
"next",73
"odd",73
"identif",72
"implement",72
"somewhat",72
"structur",72
"union",72
"employ",71
"influenc",71
"involv",71
"theori",71
"yet",71
"agre",70
"approxim",70
"certif",70
"child",70
"nhane",70
"recogn",70
"both",69
"compon",69
"depress",69
"engag",69
"geniuss",69
"administ",68
"cis",68
"contribut",68
"especi",68
"face",68
"function",68
"librari",68
"target",68
"knowledg",67
"predict",67
"protect",67
"quantit",67
"screen",67
"wide",67
"children",66
"messag",66
"must",66
"nontransgend",66
"thought",66
"adjust",65
"believ",65
"decad",65
"format",65
"gate",65
"opposit",65
"produc",65
"project",65
"socioeconom",65
"world",65
"america",64
"correspond",64
"give",64
"raceethn",64
"someon",64
"ucla",64
"appendix",63
"born",63
"complex",63
"larger",63
"pleas",63
"qualit",63
"selfidentifi",63
"accord",62
"acknowledg",62
"conclus",62
"translat",62
"lead",61
"histori",60
"implic",60
"intervent",60
"opportun",60
"region",60
"sens",60
"subgroup",60
"uniqu",60
"arch",59
"call",59
"conform",59
"contrast",59
"decis",59
"drug",59
"epidemiolog",59
"grow",59
"onli",59
"perspect",59
"que",59
"relev",59
"togeth",59
"univ",59
"util",59
"account",58
"attitud",58
"cancer",58
"chose",58
"difficult",58
"empir",58
"fact",58
"goal",58
"instrument",58
"opinion",58
"primari",58
"varieti",58
"beyond",57
"color",57
"correct",57
"critic",57
"hormon",57
"multiraci",57
"perform",57
"recognit",57
"variat",57
"choic",56
"citi",56
"classif",56
"cohabit",56
"emerg",56
"frequenc",56
"geograph",56
"massachusett",56
"obtain",56
"recruit",56
"retriev",56
"sogi",56
"strategi",56
"analyz",55
"generat",55
"natur",55
"parent",55
"period",55
"phase",55
"you",55
"differenti",54
"explicit",54
"genderrel",54
"girl",54
"million",54
"month",54
"near",54
"neither",54
"recal",54
"societi",54
"understood",54
"aggress",53
"becaus",53
"box",53
"gendernonconform",53
"index",53
"likelihood",53
"regist",53
"substanti",53
"write",53
"act",52
"alcohol",52
"class",52
"comment",52
"contain",52
"countri",52
"hous",52
"prior",52
"res",52
"specifi",52
"transit",52
"abil",51
"but",51
"comprehens",51
"content",51
"copyright",51
"ensur",51
"full",51
"independ",51
"margin",51
"top",51
"tradit",51
"trend",51
"usual",51
"altern",50
"are",50
"demonstr",50
"procedur",50
"site",50
"subject",50
"techniqu",50
"typic",50
"almost",49
"annual",49
"descript",49
"manag",49
"mtf",49
"pubm",49
"serv",49
"that",49
"websit",49
"assist",48
"canada",48
"central",48
"certain",48
"dent",48
"despit",48
"except",48
"fenway",48
"gss",48
"harass",48
"martin",48
"open",48
"penetr",48
"privaci",48
"seem",48
"archiv",47
"confus",47
"cost",47
"ftm",47
"healthi",47
"mismark",47
"more",47
"queer",47
"san",47
"summari",47
"upon",47
"adopt",46
"alway",46
"assumpt",46
"decenni",46
"development",46
"everi",46
"exclud",46
"felt",46
"gen",46
"lesbiangay",46
"lewi",46
"lgbq",46
"nativ",46
"network",46
"otherwis",46
"peer",46
"plan",46
"regardless",46
"thousand",46
"aid",45
"analyt",45
"becom",45
"chicago",45
"comput",45
"file",45
"harvard",45
"iden",45
"malefemal",45
"meet",45
"phd",45
"regress",45
"resourc",45
"shift",45
"background",44
"bate",44
"chis",44
"earlier",44
"electron",44
"explan",44
"fit",44
"instanc",44
"link",44
"locat",44
"ment",44
"morgan",44
"reproduct",44
"statement",44
"stress",44
"unwant",44
"urban",44
"adapt",43
"agreement",43
"assum",43
"begin",43
"boy",43
"card",43
"crosssex",43
"difficulti",43
"further",43
"mexico",43
"restrict",43
"smoke",43
"via",43
"calcul",42
"email",42
"extent",42
"frequent",42
"fund",42
"genderqu",42
"known",42
"labor",42
"ratio",42
"resid",42
"rosario",42
"along",41
"applic",41
"around",41
"endors",41
"feedback",41
"fewer",41
"guid",41
"hospit",41
"insur",41
"june",41
"mix",41
"necessarili",41
"nonhispan",41
"panel",41
"respon",41
"sociolog",41
"task",41
"terminolog",41
"thank",41
"topic",41
"treat",41
"column",40
"com",40
"declin",40
"fear",40
"francisco",40
"growth",40
"illustr",40
"integr",40
"inter",40
"ntds",40
"oconnel",40
"pronoun",40
"rare",40
"slight",40
"systemat",40
"taylor",40
"tive",40
"vol",40
"week",40
"bockt",39
"daugelli",39
"emot",39
"establish",39
"extrem",39
"instead",39
"internet",39
"introduct",39
"learn",39
"literatur",39
"market",39
"none",39
"paramet",39
"precis",39
"russel",39
"scout",39
"younger",39
"african",38
"aim",38
"attent",38
"basi",38
"dis",38
"earn",38
"excel",38
"femalemal",38
"outsid",38
"savinwilliam",38
"team",38
"today",38
"ual",38
"accuraci",37
"add",37
"argu",37
"benefit",37
"eight",37
"from",37
"highest",37
"request",37
"round",37
"routin",37
"seven",37
"staff",37
"taken",37
"train",37
"varianc",37
"baselin",36
"lee",36
"prospect",36
"schilt",36
"scientif",36
"situat",36
"wave",36
"avoid",35
"basic",35
"board",35
"consequ",35
"cps",35
"decid",35
"distress",35
"elig",35
"fulli",35
"hour",35
"hugh",35
"mail",35
"main",35
"necessari",35
"offici",35
"power",35
"seek",35
"sehsd",35
"sell",35
"sometim",35
"veteran",35
"with",35
"cycl",34
"diamond",34
"easi",34
"foundat",34
"furthermor",34
"highlight",34
"home",34
"indian",34
"nurs",34
"perhap",34
"religion",34
"trial",34
"belief",33
"caus",33
"columbia",33
"decil",33
"disclos",33
"herman",33
"husbandwif",33
"husbandwifespous",33
"inequ",33
"interraci",33
"michael",33
"realli",33
"reject",33
"sent",33
"simpli",33
"under",33
"unsur",33
"ambigu",32
"intercours",32
"manner",32
"nonbinari",32
"nutrit",32
"out",32
"percept",32
"pilot",32
"profession",32
"profil",32
"robert",32
"sage",32
"secur",32
"smith",32
"speak",32
"spons",32
"who",32
"abstract",31
"agenc",31
"communitybas",31
"core",31
"criteria",31
"done",31
"drink",31
"global",31
"hand",31
"largest",31
"materi",31
"mechan",31
"median",31
"miller",31
"obvious",31
"openend",31
"phrase",31
"primarili",31
"reveal",31
"same",31
"saw",31
"scholar",31
"selfidentif",31
"six",31
"text",31
"transgen",31
"bmc",30
"build",30
"chosen",30
"differentsex",30
"gap",30
"gave",30
"guidelin",30
"maintain",30
"north",30
"orienta",30
"play",30
"progress",30
"replac",30
"selfadminist",30
"ses",30
"south",30
"stigmat",30
"sudman",30
"theoret",30
"tool",30
"westbrook",30
"which",30
"alreadi",29
"anonym",29
"barrier",29
"confidenti",29
"confirm",29
"deriv",29
"everyon",29
"inc",29
"lander",29
"laumann",29
"lombardi",29
"longer",29
"minnesota",29
"modifi",29
"norm",29
"privat",29
"reach",29
"rural",29
"signiﬁc",29
"sur",29
"tobacco",29
"unlik",29
"where",29
"action",28
"advanc",28
"ani",28
"distinguish",28
"each",28
"equival",28
"fals",28
"fantasi",28
"framework",28
"hetero",28
"heterosexualstraight",28
"hold",28
"incorpor",28
"inde",28
"infer",28
"line",28
"matter",28
"motiv",28
"object",28
"octob",28
"old",28
"probe",28
"psychiatri",28
"schoolbas",28
"stage",28
"style",28
"success",28
"tation",28
"unweight",28
"zero",28
"acasi",27
"adequ",27
"attribut",27
"compris",27
"confid",27
"consensus",27
"crime",27
"david",27
"deal",27
"drop",27
"ehr",27
"facefac",27
"healthcar",27
"hostil",27
"impli",27
"johnson",27
"later",27
"local",27
"meaning",27
"modul",27
"pair",27
"return",27
"sentiment",27
"septemb",27
"son",27
"strength",27
"surgeri",27
"titi",27
"turn",27
"adulthood",26
"aggreg",26
"align",26
"alter",26
"bailey",26
"british",26
"burden",26
"carri",26
"cell",26
"communic",26
"cours",26
"cover",26
"cross",26
"disagre",26
"disclosur",26
"disproportion",26
"dynam",26
"enabl",26
"enhanc",26
"gather",26
"hard",26
"husband",26
"hypothes",26
"hypothesi",26
"infect",26
"iom",26
"island",26
"latin",26
"logist",26
"mea",26
"move",26
"nrfu",26
"numer",26
"pant",26
"par",26
"poverti",26
"pretest",26
"problemat",26
"rais",26
"romant",26
"send",26
"smaller",26
"subsampl",26
"such",26
"sum",26
"track",26
"volum",26
"whi",26
"about",25
"advoc",25
"anal",25
"ann",25
"anova",25
"colleagu",25
"concord",25
"conflat",25
"contemporari",25
"elicit",25
"enter",25
"entri",25
"enumer",25
"experiment",25
"instruct",25
"long",25
"meant",25
"mimiaga",25
"promot",25
"room",25
"saperstein",25
"search",25
"showcard",25
"sole",25
"space",25
"start",25
"subset",25
"summar",25
"tate",25
"transmit",25
"tri",25
"unknown",25
"yield",25
"alloc",24
"cdc",24
"continuum",24
"corliss",24
"decreas",24
"disord",24
"dress",24
"essay",24
"expand",24
"fail",24
"fair",24
"glsen",24
"incid",24
"interv",24
"legisl",24
"mate",24
"onethird",24
"ongo",24
"portion",24
"pregnanc",24
"recod",24
"resnick",24
"soc",24
"sociodemograph",24
"technolog",24
"variant",24
"vey",24
"book",23
"broad",23
"brown",23
"bulli",23
"cigarett",23
"clariti",23
"computerassist",23
"confer",23
"divis",23
"equat",23
"essenti",23
"facilit",23
"feminist",23
"genit",23
"glf",23
"graduat",23
"keep",23
"kinsey",23
"moder",23
"nine",23
"nonrespond",23
"novemb",23
"ori",23
"pediatr",23
"pro",23
"propos",23
"realiti",23
"registr",23
"reserv",23
"run",23
"secondari",23
"skay",23
"special",23
"stem",23
"thompson",23
"visibl",23
"vital",23
"west",23
"whole",23
"yrbs",23
"academi",22
"amount",22
"approv",22
"attach",22
"cant",22
"clark",22
"coeffici",22
"commit",22
"conceal",22
"consult",22
"denot",22
"doesnt",22
"dure",22
"encourag",22
"fee",22
"forward",22
"fraction",22
"idea",22
"intend",22
"intersect",22
"juli",22
"keyword",22
"largescal",22
"late",22
"maternalreport",22
"mention",22
"oppos",22
"orien",22
"overview",22
"pacif",22
"popula",22
"releas",22
"rule",22
"safeti",22
"seattl",22
"selflabel",22
"superior",22
"uncertainti",22
"visual",22
"wherea",22
"wife",22
"wyli",22
"activist",21
"badgett",21
"breast",21
"broader",21
"clarifi",21
"cochran",21
"comfort",21
"compet",21
"conveni",21
"drawn",21
"essentialist",21
"exact",21
"exposur",21
"februari",21
"hivaid",21
"hunter",21
"injuri",21
"iti",21
"lowest",21
"meyer",21
"misclassif",21
"prioriti",21
"reaction",21
"sander",21
"simultan",21
"solut",21
"surpris",21
"vulner",21
"wish",21
"alon",20
"arous",20
"attend",20
"attrac",20
"back",20
"bratter",20
"cambridg",20
"canadian",20
"cluster",20
"composit",20
"counti",20
"crimin",20
"diploma",20
"draft",20
"enc",20
"ent",20
"environ",20
"fall",20
"feliz",20
"fig",20
"httpwwwbiomedcentralcom",20
"kingdom",20
"love",20
"midwest",20
"msm",20
"notabl",20
"over",20
"permit",20
"poon",20
"preliminari",20
"ref",20
"religi",20
"repeat",20
"resili",20
"rigor",20
"rough",20
"selfesteem",20
"split",20
"springer",20
"subsequ",20
"suffici",20
"tourangeau",20
"unless",20
"wpw",20
"academ",19
"adol",19
"bauer",19
"chanc",19
"charg",19
"demaio",19
"didnt",19
"disabl",19
"doctor",19
"economi",19
"elimin",19
"gari",19
"grade",19
"have",19
"healthrel",19
"homma",19
"insight",19
"introduc",19
"knight",19
"labuski",19
"latino",19
"led",19
"mind",19
"nuttbrock",19
"oak",19
"partici",19
"pay",19
"philadelphia",19
"polar",19
"poor",19
"psychol",19
"serious",19
"she",19
"short",19
"smart",19
"stabil",19
"stabl",19
"stryker",19
"throughout",19
"unabl",19
"unemploy",19
"valentin",19
"vast",19
"absenc",18
"adjac",18
"after",18
"attain",18
"bing",18
"capi",18
"clementsnoll",18
"conclud",18
"connect",18
"convent",18
"cope",18
"cronbach",18
"crosssect",18
"dataset",18
"debat",18
"decemb",18
"enrol",18
"erosexu",18
"fluiditi",18
"formal",18
"harrison",18
"het",18
"inflat",18
"januari",18
"justic",18
"left",18
"light",18
"marijuana",18
"matthew",18
"mileston",18
"multivari",18
"nchs",18
"normal",18
"obes",18
"photocopi",18
"pre",18
"prepar",18
"presum",18
"promis",18
"protocol",18
"reli",18
"sari",18
"simpl",18
"spectrum",18
"stand",18
"switch",18
"symptom",18
"threaten",18
"ticip",18
"ultim",18
"wechsler",18
"workplac",18
"audio",17
"bett",17
"bracket",17
"bradford",17
"committe",17
"constant",17
"counterpart",17
"delay",17
"demographi",17
"entat",17
"execut",17
"expert",17
"extend",17
"extens",17
"friend",17
"genderbas",17
"harri",17
"havior",17
"howard",17
"http",17
"int",17
"invit",17
"kluwer",17
"lofquist",17
"media",17
"multidimension",17
"narrat",17
"operation",17
"overlap",17
"partial",17
"pressur",17
"psychosoci",17
"push",17
"quantifi",17
"racialethn",17
"refin",17
"ridolfo",17
"saq",17
"spent",17
"stratifi",17
"susan",17
"their",17
"tie",17
"tifi",17
"transgenderidentifi",17
"affili",16
"afford",16
"anatomi",16
"anyon",16
"assert",16
"awkward",16
"bearing",16
"belong",16
"bio",16
"boundari",16
"caution",16
"chisquar",16
"cite",16
"delin",16
"england",16
"featur",16
"fill",16
"frame",16
"freedner",16
"gaug",16
"guidanc",16
"hidden",16
"homophobia",16
"hurt",16
"incorrect",16
"jan",16
"joint",16
"kerith",16
"kim",16
"knew",16
"lifestyl",16
"lin",16
"linear",16
"mayer",16
"metropolitan",16
"mother",16
"nonwhit",16
"nuanc",16
"patel",16
"placement",16
"pool",16
"poston",16
"predomin",16
"prejudic",16
"print",16
"prompt",16
"represent",16
"republican",16
"selfident",16
"texa",16
"vagin",16
"veri",16
"willing",16
"wrote",16
"advocaci",15
"alongsid",15
"articul",15
"bachelor",15
"began",15
"caribbean",15
"carolina",15
"claim",15
"clude",15
"coleman",15
"commiss",15
"complic",15
"condom",15
"coverag",15
"dichotom",15
"encount",15
"european",15
"facebook",15
"flore",15
"grossman",15
"ground",15
"haneus",15
"harm",15
"held",15
"histor",15
"homosex",15
"inperson",15
"intermedi",15
"john",15
"krieger",15
"ledbett",15
"lgbtq",15
"london",15
"med",15
"middl",15
"minim",15
"neutral",15
"nlsi",15
"notic",15
"oper",15
"pertain",15
"pick",15
"pictur",15
"presid",15
"presser",15
"pvalu",15
"regular",15
"salient",15
"side",15
"sion",15
"sub",15
"subpopul",15
"substitut",15
"theme",15
"titl",15
"took",15
"turner",15
"twice",15
"twoquest",15
"usag",15
"went",15
"youssef",15
"anticip",14
"ate",14
"august",14
"berg",14
"blum",14
"bulletin",14
"cahil",14
"circumst",14
"conserv",14
"democrat",14
"deutsch",14
"diaz",14
"dif",14
"director",14
"disadvantag",14
"discret",14
"district",14
"divid",14
"doe",14
"driven",14
"easili",14
"equiti",14
"extract",14
"feasibl",14
"garofalo",14
"ged",14
"genet",14
"guess",14
"has",14
"heterogen",14
"homogen",14
"iii",14
"illicit",14
"imagin",14
"interperson",14
"jepsen",14
"judgment",14
"katz",14
"kristen",14
"lation",14
"leader",14
"lien",14
"magnitud",14
"mortal",14
"muthén",14
"nezhad",14
"nonminor",14
"oxford",14
"phenomenon",14
"plos",14
"pop",14
"predictor",14
"prob",14
"qualifi",14
"row",14
"satisfact",14
"scott",14
"sevelius",14
"share",14
"sibl",14
"softwar",14
"spain",14
"stein",14
"talk",14
"ten",14
"therapi",14
"those",14
"tional",14
"trajectori",14
"umbrella",14
"unprotect",14
"virginia",14
"voic",14
"worth",14
"ado",13
"advantag",13
"again",13
"alli",13
"australian",13
"bian",13
"bivari",13
"blank",13
"came",13
"cation",13
"character",13
"christian",13
"citizenship",13
"coalit",13
"consent",13
"converg",13
"covari",13
"databas",13
"daughter",13
"declar",13
"diagnos",13
"directori",13
"discomfort",13
"discrep",13
"divorc",13
"element",13
"elev",13
"epidemiol",13
"exam",13
"exchang",13
"expans",13
"exploratori",13
"fisher",13
"fourth",13
"fulltim",13
"genitalia",13
"graphic",13
"green",13
"hope",13
"indirect",13
"inmat",13
"invis",13
"judg",13
"keomeier",13
"legitim",13
"liber",13
"licens",13
"logic",13
"makadon",13
"mason",13
"matrix",13
"nevertheless",13
"optim",13
"pansexu",13
"parti",13
"path",13
"pearson",13
"popular",13
"portug",13
"presenc",13
"psychometr",13
"real",13
"regul",13
"retrospect",13
"rosenberg",13
"routledg",13
"scd",13
"schrimshaw",13
"sea",13
"singer",13
"singleitem",13
"sive",13
"stereotyp",13
"stronger",13
"suit",13
"supplement",13
"trait",13
"trust",13
"truth",13
"ttest",13
"unclear",13
"underreport",13
"verbal",13
"wiley",13
"willi",13
"written",13
"yan",13
"your",13
"accompani",12
"antigay",12
"anyth",12
"bauml",12
"becam",12
"bill",12
"bontempo",12
"bradburn",12
"bring",12
"centr",12
"chandra",12
"conflict",12
"constrain",12
"conting",12
"counsel",12
"court",12
"criterion",12
"critiqu",12
"demand",12
"diagram",12
"discord",12
"discours",12
"drive",12
"elsewher",12
"erot",12
"event",12
"extern",12
"facil",12
"financi",12
"foreignborn",12
"gagnon",12
"goodman",12
"greytak",12
"handbook",12
"happi",12
"hawaiian",12
"ignor",12
"imposs",12
"inaccur",12
"incomplet",12
"innocu",12
"intent",12
"lar",12
"let",12
"mayb",12
"mediat",12
"mixedmethod",12
"mottet",12
"movement",12
"mutual",12
"ncvs",12
"nearest",12
"omnibus",12
"opt",12
"paperpencil",12
"phone",12
"port",12
"replic",12
"retain",12
"rie",12
"robust",12
"sausa",12
"scholarship",12
"schwartz",12
"schwarz",12
"scientist",12
"scope",12
"sider",12
"societ",12
"spontan",12
"stori",12
"stressor",12
"submit",12
"substant",12
"tani",12
"told",12
"unstabl",12
"valuabl",12
"venu",12
"wherebi",12
"widow",12
"wilson",12
"would",12
"alpha",11
"appar",11
"assault",11
"atlanta",11
"automat",11
"behalf",11
"benchmark",11
"between",11
"big",11
"blue",11
"cess",11
"classroom",11
"clin",11
"compani",11
"constitut",11
"cut",11
"daili",11
"domain",11
"durham",11
"effici",11
"emr",11
"evidenc",11
"exhibit",11
"expos",11
"fluid",11
"gain",11
"generaliz",11
"head",11
"hmo",11
"honest",11
"hyattsvill",11
"identiﬁc",11
"immigr",11
"imput",11
"incongru",11
"jodi",11
"keatley",11
"layout",11
"leav",11
"length",11
"lescent",11
"lgbtrelat",11
"likewis",11
"lisa",11
"marx",11
"matern",11
"meier",11
"meth",11
"michigan",11
"mturk",11
"nih",11
"nonlgbt",11
"noriti",11
"overweight",11
"own",11
"paradigm",11
"parallel",11
"pastyear",11
"persist",11
"ple",11
"pomeroy",11
"poorer",11
"popu",11
"rank",11
"rational",11
"reader",11
"rememb",11
"remind",11
"rent",11
"reproduc",11
"retent",11
"ryan",11
"shape",11
"ship",11
"sociocultur",11
"spend",11
"spondent",11
"stark",11
"stis",11
"surgic",11
"szalacha",11
"twotail",11
"underestim",11
"verifi",11
"web",11
"xavier",11
"advers",10
"autom",10
"biello",10
"bogaert",10
"broken",10
"bryn",10
"campus",10
"cate",10
"centuri",10
"cisgen",10
"claus",10
"click",10
"collaps",10
"compromis",10
"convers",10
"cooper",10
"depth",10
"deviat",10
"dhhs",10
"digit",10
"display",10
"editor",10
"embed",10
"emilia",10
"enjoy",10
"ethic",10
"evolv",10
"familiar",10
"fantas",10
"father",10
"feldman",10
"ﬁnding",10
"fix",10
"former",10
"forthcom",10
"here",10
"heteronorm",10
"heterosex",10
"homeless",10
"httpwww",10
"hwahng",10
"ideat",10
"illinoi",10
"incent",10
"india",10
"infant",10
"inher",10
"injustic",10
"inquiri",10
"intellectu",10
"joseph",10
"kept",10
"lend",10
"linguist",10
"marker",10
"maxim",10
"maximum",10
"metaanalysi",10
"mid",10
"mitchel",10
"moment",10
"nanci",10
"normat",10
"northwest",10
"offend",10
"opin",10
"outlin",10
"overwhelm",10
"paid",10
"pathway",10
"peoplepeopl",10
"perfect",10
"physiolog",10
"product",10
"professor",10
"prostat",10
"provis",10
"psychiatr",10
"recom",10
"rei",10
"rela",10
"remark",10
"render",10
"rosenblum",10
"rostoski",10
"salienc",10
"searcher",10
"sector",10
"selfinterview",10
"sentenc",10
"sequenc",10
"sexspecif",10
"sort",10
"sought",10
"spanishspeak",10
"standalon",10
"statewid",10
"static",10
"stephen",10
"stowel",10
"street",10
"stuff",10
"submiss",10
"substudi",10
"technic",10
"temporari",10
"terview",10
"ther",10
"threat",10
"transform",10
"undergradu",10
"unequ",10
"unfamiliar",10
"warrant",10
"weaker",10
"webbas",10
"western",10
"wilsnack",10
"absolut",9
"ana",9
"anatom",9
"anxieti",9
"aris",9
"array",9
"avenu",9
"baker",9
"ballot",9
"balsam",9
"becker",9
"break",9
"budget",9
"calli",9
"calzo",9
"candid",9
"caticapi",9
"causal",9
"charact",9
"chcs",9
"col",9
"collabor",9
"concurr",9
"constraint",9
"consum",9
"contract",9
"coordin",9
"copen",9
"creativ",9
"crossclassifi",9
"crosstabul",9
"currah",9
"domin",9
"dyad",9
"eisenberg",9
"encompass",9
"femaleidentifi",9
"few",9
"fifteen",9
"flexibl",9
"floyd",9
"food",9
"formul",9
"fredriksengoldsen",9
"free",9
"geographi",9
"gold",9
"guy",9
"happen",9
"hear",9
"height",9
"heighten",9
"herek",9
"hill",9
"his",9
"homo",9
"illeg",9
"immedi",9
"indi",9
"industri",9
"insist",9
"ior",9
"jame",9
"jami",9
"johnston",9
"joloza",9
"josseybass",9
"labour",9
"laughter",9
"lenc",9
"les",9
"letter",9
"load",9
"mainten",9
"mar",9
"mari",9
"master",9
"mation",9
"mirror",9
"misclassifi",9
"mixtur",9
"modern",9
"modif",9
"money",9
"moor",9
"mosher",9
"multi",9
"mustanski",9
"ner",9
"noninstitution",9
"nonr",9
"nos",9
"omnisexu",9
"onequart",9
"oral",9
"owe",9
"pain",9
"pariti",9
"pass",9
"paul",9
"policymak",9
"principl",9
"priorit",9
"prokop",9
"ptsd",9
"queri",9
"ream",9
"regulatori",9
"reinforc",9
"reluct",9
"remov",9
"resolv",9
"rich",9
"rise",9
"rse",9
"sad",9
"safe",9
"script",9
"secretari",9
"selfrat",9
"signifi",9
"speciﬁc",9
"stop",9
"straightforward",9
"stud",9
"suffer",9
"suppl",9
"suppos",9
"tardiff",9
"theoriz",9
"thorough",9
"transmen",9
"trisexu",9
"ture",9
"twothird",9
"ulat",9
"unconvent",9
"uni",9
"unrel",9
"van",9
"vankim",9
"vice",9
"visit",9
"vote",9
"voter",9
"wider",9
"acquir",8
"acquisit",8
"adam",8
"alik",8
"aliti",8
"aor",8
"arrang",8
"baldwin",8
"ban",8
"bar",8
"baral",8
"bisex",8
"boulang",8
"bridg",8
"burk",8
"busseri",8
"campbel",8
"certainti",8
"chiver",8
"christin",8
"circl",8
"climat",8
"cogni",8
"cohen",8
"connected",8
"crossdress",8
"davi",8
"dean",8
"demo",8
"denomin",8
"devel",8
"diverg",8
"doiajph",8
"doyal",8
"drag",8
"elizabeth",8
"eth",8
"everyday",8
"exclu",8
"exp",8
"expertis",8
"fulfil",8
"fundament",8
"genderneutr",8
"generic",8
"gift",8
"girlfriend",8
"gordon",8
"hardreach",8
"hate",8
"herbst",8
"identiﬁ",8
"imag",8
"ive",8
"jaim",8
"jane",8
"jarvi",8
"jennif",8
"job",8
"joyner",8
"judith",8
"kenagi",8
"kennedi",8
"king",8
"kosciw",8
"laboratori",8
"lancet",8
"latter",8
"laurel",8
"ltd",8
"macri",8
"mainstream",8
"maitland",8
"manual",8
"map",8
"membership",8
"met",8
"min",8
"miscod",8
"mistak",8
"morbid",8
"morn",8
"multisit",8
"multistag",8
"nationwid",8
"necess",8
"niciti",8
"nonhetero",8
"northeastern",8
"norwegian",8
"noteaddit",8
"notion",8
"novak",8
"occasion",8
"occup",8
"onc",8
"outreach",8
"padilla",8
"panic",8
"particu",8
"peni",8
"permiss",8
"pew",8
"phenomena",8
"plus",8
"polic",8
"posttraumat",8
"preclud",8
"pretti",8
"princip",8
"prison",8
"proceed",8
"proper",8
"properti",8
"proud",8
"puerto",8
"quick",8
"ran",8
"rapid",8
"registri",8
"religios",8
"rep",8
"reprint",8
"rest",8
"revers",8
"rienc",8
"riski",8
"rose",8
"roster",8
"rotheramborus",8
"sarah",8
"sequenti",8
"skew",8
"soft",8
"sponsor",8
"sti",8
"strengthen",8
"struct",8
"teacher",8
"tionship",8
"twoitem",8
"underserv",8
"uniform",8
"vagina",8
"versa",8
"wage",8
"wale",8
"weak",8
"wellb",8
"wonder",8
"wors",8
"wright",8
"admini",7
"admit",7
"advertis",7
"alaska",7
"albeit",7
"amend",7
"armstrong",7
"asexu",7
"asid",7
"assoc",7
"assur",7
"attrit",7
"biom",7
"blood",7
"borowski",7
"bottom",7
"bound",7
"boyfriend",7
"britain",7
"brother",7
"capac",7
"celib",7
"ceremoni",7
"chines",7
"civilian",7
"clean",7
"clinician",7
"collin",7
"commonlaw",7
"commu",7
"contracept",7
"conway",7
"cook",7
"couper",7
"dan",7
"death",7
"defens",7
"deﬁn",7
"diagnosi",7
"disaggreg",7
"discov",7
"dunn",7
"duti",7
"easier",7
"elder",7
"elect",7
"elli",7
"emphas",7
"emphasi",7
"endeavor",7
"esti",7
"everyth",7
"facet",7
"fellow",7
"ferenc",7
"ferent",7
"fie",7
"finish",7
"ﬁrst",7
"followup",7
"foster",7
"georg",7
"georgia",7
"goe",7
"guzman",7
"hair",7
"handl",7
"hhs",7
"hire",7
"hit",7
"hoc",7
"host",7
"hox",7
"hull",7
"hundr",7
"hypothet",7
"ical",7
"ideal",7
"ideolog",7
"impos",7
"inadvert",7
"instabl",7
"institution",7
"insult",7
"invest",7
"ireland",7
"isol",7
"justifi",7
"kann",7
"karen",7
"kid",7
"lanc",7
"latent",7
"laura",7
"lawrenc",7
"leeuw",7
"lie",7
"lifecours",7
"madan",7
"manifest",7
"maryland",7
"mass",7
"matt",7
"melendez",7
"meyerowitz",7
"middleag",7
"mitig",7
"mph",7
"multinomi",7
"murphi",7
"navig",7
"nis",7
"niti",7
"nobl",7
"nonenglish",7
"nontran",7
"northeast",7
"norway",7
"obama",7
"odolog",7
"olog",7
"omb",7
"omit",7
"onehalf",7
"overlook",7
"perezbrum",7
"perman",7
"perri",7
"peter",7
"poll",7
"preced",7
"proach",7
"pronounc",7
"psychologist",7
"pub",7
"quantiti",7
"questionrespons",7
"quot",7
"resist",7
"respondentdriven",7
"rico",7
"robin",7
"roommat",7
"rosenth",7
"rothman",7
"rubin",7
"rust",7
"sas",7
"scribe",7
"segment",7
"sevenpoint",7
"sexualminor",7
"sister",7
"siti",7
"span",7
"spencer",7
"spoken",7
"stds",7
"store",7
"strand",7
"strongest",7
"sup",7
"suppli",7
"swer",7
"themat",7
"theresa",7
"thoma",7
"tionbas",7
"twin",7
"underscor",7
"updat",7
"versiti",7
"viabil",7
"violat",7
"walk",7
"wallac",7
"ward",7
"warneck",7
"wash",7
"watson",7
"widespread",7
"wilmot",7
"worker",7
"worldwid",7
"wrong",7
"yesno",7
"abbrevi",6
"absorb",6
"acad",6
"addict",6
"affair",6
"africanamerican",6
"ageadjust",6
"alaskan",6
"aliya",6
"amen",6
"anderson",6
"announc",6
"antiviol",6
"appeal",6
"appl",6
"argument",6
"ari",6
"australia",6
"balanc",6
"banik",6
"biraci",6
"ble",6
"bother",6
"brian",6
"brigham",6
"cal",6
"cast",6
"cervic",6
"cesd",6
"chalmer",6
"chan",6
"chap",6
"charlott",6
"chen",6
"chronic",6
"cific",6
"citat",6
"clarif",6
"closer",6
"commerci",6
"congruent",6
"conjunct",6
"conservat",6
"contradictori",6
"contributor",6
"controversi",6
"conven",6
"cor",6
"crawford",6
"creation",6
"crisi",6
"criterionrel",6
"crosscultur",6
"crucial",6
"daphn",6
"debrief",6
"dedic",6
"deﬁnit",6
"deliveri",6
"depict",6
"detect",6
"distort",6
"doijvn",6
"doma",6
"east",6
"educa",6
"ego",6
"enact",6
"entiti",6
"eras",6
"evidencebas",6
"excit",6
"exercis",6
"favor",6
"flag",6
"friedman",6
"fur",6
"furnish",6
"goldstein",6
"gori",6
"got",6
"grasso",6
"guag",6
"hall",6
"havent",6
"haworth",6
"heller",6
"her",6
"hierarchi",6
"highrisk",6
"hivinfect",6
"honnold",6
"infor",6
"iñiguez",6
"inject",6
"injur",6
"insuffici",6
"intak",6
"jackson",6
"jone",6
"keisl",6
"knowngroup",6
"knowrefus",6
"koenen",6
"korean",6
"krosnick",6
"lan",6
"landlin",6
"laptop",6
"laugh",6
"lection",6
"lem",6
"lesseduc",6
"longterm",6
"lowel",6
"medicaid",6
"mend",6
"mill",6
"miner",6
"minut",6
"modal",6
"mograph",6
"molnar",6
"mon",6
"moral",6
"nest",6
"nevada",6
"newport",6
"nonetheless",6
"nongend",6
"nonignor",6
"nonprofit",6
"northern",6
"novel",6
"ohio",6
"opment",6
"oppositegend",6
"oregon",6
"pare",6
"park",6
"participatori",6
"parttim",6
"peerreview",6
"peo",6
"perez",6
"physician",6
"piec",6
"plete",6
"populationlevel",6
"prefix",6
"pression",6
"prohibit",6
"prove",6
"pull",6
"queen",6
"react",6
"reduct",6
"repr",6
"rey",6
"romin",6
"saunder",6
"selfpercept",6
"semistructur",6
"seth",6
"singular",6
"skin",6
"sonal",6
"sophist",6
"spe",6
"squar",6
"srinivasan",6
"ssa",6
"stakehold",6
"stall",6
"stat",6
"stata",6
"station",6
"steinberg",6
"steven",6
"strict",6
"struggl",6
"stu",6
"suitabl",6
"surviv",6
"swinburn",6
"symbol",6
"tabul",6
"tax",6
"tel",6
"tenur",6
"tere",6
"then",6
"threequart",6
"ticular",6
"transcript",6
"transgender",6
"transphobia",6
"tration",6
"traynor",6
"troubl",6
"truli",6
"turk",6
"twenti",6
"ualiti",6
"unfortun",6
"uninsur",6
"unreli",6
"urg",6
"urgent",6
"vancouv",6
"vector",6
"vertic",6
"vidual",6
"vietnames",6
"virtual",6
"wadsworth",6
"wasnt",6
"watch",6
"were",6
"worri",6
"wpath",6
"wwwonsgovuk",6
"zhang",6
"ziyadeh",6
"addi",5
"adher",5
"advisori",5
"agenda",5
"ago",5
"ahead",5
"alfr",5
"alien",5
"alison",5
"altogeth",5
"amanda",5
"anali",5
"anc",5
"andrew",5
"anecdot",5
"antidiscrimin",5
"appoint",5
"arm",5
"arriv",5
"ascertain",5
"ashmor",5
"asso",5
"atic",5
"atyp",5
"bear",5
"beaten",5
"beautrai",5
"begun",5
"belgium",5
"below",5
"bernstein",5
"blair",5
"boarder",5
"bonacor",5
"border",5
"braun",5
"briefli",5
"built",5
"campaign",5
"capabl",5
"car",5
"casi",5
"cat",5
"cdcs",5
"ceiv",5
"cern",5
"chal",5
"cialli",5
"cleveland",5
"client",5
"closedend",5
"closest",5
"compens",5
"compil",5
"compos",5
"conceiv",5
"confound",5
"connot",5
"construction",5
"contrari",5
"cool",5
"copi",5
"corbin",5
"credit",5
"deaux",5
"deem",5
"deliber",5
"des",5
"deter",5
"devic",5
"devor",5
"diagon",5
"dial",5
"dilley",5
"disagr",5
"discus",5
"disentangl",5
"dissert",5
"distanc",5
"docu",5
"donat",5
"doubl",5
"doubt",5
"drawback",5
"drew",5
"driscol",5
"driver",5
"durant",5
"edward",5
"embodi",5
"endocrin",5
"entireti",5
"epidemiologist",5
"eral",5
"erlbaum",5
"esp",5
"ethnographi",5
"evolut",5
"exacerb",5
"expenditur",5
"eye",5
"fay",5
"femaletran",5
"fergusson",5
"ﬁgure",5
"finer",5
"flow",5
"fort",5
"forti",5
"forum",5
"fqhcs",5
"fun",5
"funder",5
"gallup",5
"gear",5
"gendervari",5
"glbt",5
"glunt",5
"gnc",5
"goffman",5
"grand",5
"grew",5
"guarante",5
"hamilton",5
"harper",5
"heard",5
"hegna",5
"henc",5
"hershberg",5
"hierarch",5
"hoboken",5
"hong",5
"horwood",5
"hrsa",5
"identitybas",5
"identityorient",5
"ill",5
"inadequ",5
"incarcer",5
"informa",5
"informat",5
"input",5
"inquir",5
"interag",5
"intermarriag",5
"interrel",5
"intervieweradminist",5
"inventori",5
"istic",5
"izat",5
"ize",5
"join",5
"katherin",5
"kathleen",5
"kellan",5
"kling",5
"kuper",5
"kurdek",5
"las",5
"lau",5
"lect",5
"lessen",5
"lfs",5
"linda",5
"linkag",5
"liter",5
"lump",5
"mabrfss",5
"maker",5
"malemal",5
"maletran",5
"malouf",5
"maltreat",5
"mas",5
"mccreari",5
"medicar",5
"melissa",5
"methodologist",5
"militari",5
"minist",5
"mis",5
"misrepres",5
"misunderstand",5
"mood",5
"mosexu",5
"mplus",5
"multiparamet",5
"multipurpos",5
"muniti",5
"nab",5
"nal",5
"narrow",5
"negoti",5
"neighborhood",5
"net",5
"nieuwenhoven",5
"nomenclatur",5
"nomic",5
"nonrel",5
"nowatzki",5
"nussbaum",5
"offens",5
"omoto",5
"onefifth",5
"organa",5
"outnumb",5
"overreport",5
"owen",5
"paciﬁc",5
"pack",5
"paisley",5
"partic",5
"paus",5
"pdf",5
"penalti",5
"pettingel",5
"photo",5
"plain",5
"ples",5
"pos",5
"pose",5
"possess",5
"postpon",5
"poteat",5
"preva",5
"prone",5
"psi",5
"purchas",5
"realiz",5
"reassign",5
"reassur",5
"rec",5
"recept",5
"reed",5
"reﬂect",5
"relianc",5
"repercuss",5
"revisit",5
"reword",5
"richard",5
"riggl",5
"road",5
"roger",5
"root",5
"rothgeb",5
"satur",5
"scheme",5
"sciencebusi",5
"sean",5
"selfconcept",5
"selfidentiﬁ",5
"selfidentiﬁc",5
"selv",5
"serostatus",5
"shed",5
"sig",5
"sign",5
"simplist",5
"slopen",5
"socio",5
"spade",5
"spread",5
"sta",5
"stanc",5
"stanford",5
"stranger",5
"stratif",5
"strauss",5
"strike",5
"summer",5
"surround",5
"survivor",5
"suspect",5
"svi",5
"syndrom",5
"tain",5
"tap",5
"tempor",5
"tendenc",5
"tennesse",5
"ter",5
"therebi",5
"toomey",5
"tor",5
"twelv",5
"twentyf",5
"twosid",5
"uncertain",5
"uncomfort",5
"uncov",5
"undercount",5
"unexplor",5
"unfair",5
"unfold",5
"univari",5
"unobserv",5
"unpublish",5
"upper",5
"val",5
"violent",5
"vocabulari",5
"volunt",5
"walter",5
"war",5
"whitecaucasian",5
"whittak",5
"wilchin",5
"window",5
"wouldnt",5
"wypij",5
"yang",5
"zimmerman",5
"zip",5
"aaron",4
"accident",4
"accu",4
"acut",4
"administra",4
"advis",4
"aesthet",4
"ahm",4
"ajph",4
"alicia",4
"allegra",4
"allegretto",4
"amazon",4
"angri",4
"annal",4
"arena",4
"arguabl",4
"arthur",4
"asia",4
"aspx",4
"asterisk",4
"augment",4
"auspic",4
"bean",4
"beauti",4
"belmont",4
"beneficiari",4
"benjamin",4
"benner",4
"bercini",4
"berkey",4
"beyrer",4
"biomed",4
"biospecimen",4
"blog",4
"bloom",4
"blosnich",4
"bold",4
"bowleg",4
"brandei",4
"breakdown",4
"bulim",4
"bureaus",4
"busi",4
"butler",4
"camargo",4
"cantones",4
"capit",4
"carol",4
"carpent",4
"casual",4
"cati",4
"charac",4
"charl",4
"chavez",4
"china",4
"christoph",4
"chusett",4
"cial",4
"citizen",4
"clari",4
"closeend",4
"closet",4
"cogn",4
"cognitivedepth",4
"coincid",4
"colditz",4
"compel",4
"compton",4
"concis",4
"confin",4
"connel",4
"constitu",4
"corpor",4
"corrobor",4
"costeffect",4
"counter",4
"crazi",4
"creas",4
"cruz",4
"cue",4
"cul",4
"cur",4
"custom",4
"dahlham",4
"daughterlaw",4
"dearth",4
"defici",4
"deni",4
"denni",4
"deploy",4
"diana",4
"dickson",4
"did",4
"dilemma",4
"discern",4
"disciplin",4
"discrimi",4
"dismiss",4
"dissemin",4
"doij",4
"doijx",4
"dozen",4
"duce",4
"duct",4
"dysphoria",4
"ear",4
"eas",4
"ecolog",4
"economist",4
"edu",4
"effemin",4
"egori",4
"eighteen",4
"elabor",4
"embrac",4
"emili",4
"employe",4
"entail",4
"environment",4
"epub",4
"erron",4
"ethnicraci",4
"europ",4
"evan",4
"eventu",4
"everybodi",4
"exogen",4
"explanatori",4
"expr",4
"faculti",4
"fam",4
"federallysupport",4
"feinberg",4
"femalefemal",4
"fer",4
"fewest",4
"florida",4
"fol",4
"folk",4
"foreign",4
"formula",4
"forth",4
"frank",4
"fraught",4
"frazier",4
"freedom",4
"front",4
"gendersensit",4
"generous",4
"geneva",4
"gill",4
"gli",4
"gonna",4
"government",4
"grammar",4
"grandchild",4
"greatest",4
"greenland",4
"guadamuz",4
"guard",4
"haig",4
"halberstam",4
"hampton",4
"hark",4
"healthlink",4
"heart",4
"heavili",4
"hesit",4
"hide",4
"highqual",4
"highschool",4
"hombr",4
"homophob",4
"hood",4
"hort",4
"housem",4
"httpwwwajphorg",4
"identi",4
"identitygend",4
"immun",4
"implicit",4
"inﬂuenc",4
"insid",4
"insignific",4
"instru",4
"intens",4
"interchang",4
"interrupt",4
"intimaci",4
"isnt",4
"jacob",4
"jail",4
"jamison",4
"jay",4
"jenif",4
"jessica",4
"jewish",4
"joan",4
"joann",4
"joriti",4
"joshua",4
"jvn",4
"kahn",4
"kao",4
"kastani",4
"katrina",4
"kinchen",4
"kyle",4
"lacey",4
"latina",4
"legitimaci",4
"leng",4
"lessler",4
"leung",4
"lev",4
"lgbidentifi",4
"lgbti",4
"license",4
"likert",4
"limita",4
"lindsay",4
"linsenmei",4
"log",4
"logtransform",4
"loss",4
"lost",4
"loud",4
"lsd",4
"lyze",4
"makar",4
"massa",4
"matic",4
"mcfarland",4
"mcmanus",4
"medium",4
"memori",4
"mendat",4
"merg",4
"microdata",4
"midwestern",4
"mile",4
"mine",4
"minori",4
"mistaken",4
"misunderstood",4
"multidisciplinari",4
"murder",4
"myth",4
"nair",4
"naïv",4
"nate",4
"nationallevel",4
"neat",4
"nebraska",4
"ness",4
"newer",4
"news",4
"nonhet",4
"nonnorm",4
"nonrepres",4
"nonsignific",4
"nonzero",4
"null",4
"off",4
"ogi",4
"olson",4
"olyslag",4
"omiss",4
"ommend",4
"oneself",4
"onetim",4
"onto",4
"operario",4
"orourk",4
"orthopsychiatri",4
"oth",4
"overcom",4
"overestim",4
"oversampl",4
"packag",4
"paint",4
"pap",4
"parenthes",4
"parentlaw",4
"passag",4
"patricia",4
"patrick",4
"pervas",4
"phenom",4
"phi",4
"pilkington",4
"pole",4
"postgay",4
"pothes",4
"presidenti",4
"pride",4
"priori",4
"privileg",4
"probabilitybas",4
"psychopatholog",4
"questionansw",4
"rarelynev",4
"rebecca",4
"rebel",4
"reciproc",4
"reiter",4
"retir",4
"rev",4
"revolut",4
"reynold",4
"rice",4
"richmond",4
"rip",4
"robb",4
"roll",4
"roomer",4
"rout",4
"royston",4
"sam",4
"sanchez",4
"sanction",4
"sandfort",4
"savin",4
"scenario",4
"scheim",4
"schema",4
"scotland",4
"scottish",4
"sebastien",4
"sec",4
"selfharm",4
"senior",4
"session",4
"sexu",4
"sharon",4
"sheet",4
"shortest",4
"signal",4
"sim",4
"singal",4
"sistent",4
"skegg",4
"smear",4
"smock",4
"smoker",4
"socioeco",4
"sociopolit",4
"solicit",4
"somewher",4
"sonlaw",4
"sorenson",4
"sound",4
"spenc",4
"sport",4
"spousal",4
"spousepartn",4
"stacey",4
"statacorp",4
"statead",4
"statistician",4
"stay",4
"std",4
"stealth",4
"stepdaught",4
"stephani",4
"stepson",4
"stone",4
"stonewal",4
"strang",4
"struc",4
"subcategori",4
"supervis",4
"suprem",4
"symposium",4
"synonym",4
"synthesi",4
"tail",4
"tailor",4
"talkaloud",4
"templ",4
"tent",4
"tention",4
"termin",4
"territori",4
"testosteron",4
"thirti",4
"tionnair",4
"tiviti",4
"tob",4
"tobaccorel",4
"traction",4
"tradeoff",4
"transgenderrel",4
"transspecif",4
"trauma",4
"truong",4
"tural",4
"ugli",4
"ultra",4
"underrepres",4
"undertaken",4
"underw",4
"unifi",4
"unmar",4
"unnecessari",4
"unrestrict",4
"unusu",4
"vagu",4
"vali",4
"valley",4
"veillanc",4
"vention",4
"verbatim",4
"verif",4
"vio",4
"wear",4
"weinberg",4
"welfar",4
"whatev",4
"whenev",4
"wilkin",4
"willoughbi",4
"wirtz",4
"wolf",4
"wood",4
"workforc",4
"workshop",4
"yancey",4
"yen",4
"zation",4
"accid",3
"accommod",3
"accomplish",3
"actor",3
"adamec",3
"adelson",3
"adm",3
"admin",3
"advic",3
"afraid",3
"against",3
"akron",3
"allevi",3
"allin",3
"alyssa",3
"ameri",3
"amherst",3
"ampl",3
"anatal",3
"anni",3
"anthoni",3
"anthropolog",3
"anthropologist",3
"antilgbt",3
"antonio",3
"apart",3
"apprais",3
"appreci",3
"asset",3
"ation",3
"attack",3
"atti",3
"authorship",3
"ave",3
"avon",3
"awesom",3
"bank",3
"bare",3
"beard",3
"beatti",3
"befor",3
"berger",3
"bethesda",3
"biemer",3
"biometr",3
"biostatist",3
"bipolar",3
"blackafrican",3
"blend",3
"blind",3
"bmj",3
"boehmer",3
"bone",3
"bowen",3
"boyc",3
"boysmasculin",3
"boysun",3
"brad",3
"bradley",3
"broadbas",3
"brought",3
"budg",3
"bull",3
"butch",3
"cantor",3
"catch",3
"catego",3
"catherin",3
"cautious",3
"centag",3
"ceptual",3
"certifi",3
"certiﬁc",3
"cfr",3
"chariti",3
"chatter",3
"chc",3
"chil",3
"chosoci",3
"chuck",3
"chung",3
"ciat",3
"cie",3
"ciohr",3
"classi",3
"classiﬁc",3
"clearer",3
"cnn",3
"coast",3
"coauthor",3
"codeabl",3
"commerc",3
"companion",3
"complianc",3
"concentr",3
"concert",3
"conﬁdenc",3
"configur",3
"connecticut",3
"constru",3
"consumpt",3
"contest",3
"contextu",3
"coresidenti",3
"corr",3
"council",3
"counterbalanc",3
"cri",3
"cris",3
"crossclassif",3
"crossnat",3
"culin",3
"curios",3
"curious",3
"cutoff",3
"cutpoint",3
"cuyper",3
"dalla",3
"danger",3
"datacollect",3
"default",3
"defi",3
"deleon",3
"desk",3
"determi",3
"detroit",3
"develli",3
"dichotomi",3
"dictat",3
"dictor",3
"differenc",3
"dimen",3
"dimension",3
"diminish",3
"dimorph",3
"disappoint",3
"discard",3
"discom",3
"discrimina",3
"discriminatori",3
"dislik",3
"dispari",3
"dispropor",3
"dissatisfact",3
"dition",3
"diver",3
"dkrefus",3
"doc",3
"doll",3
"doublecheck",3
"dren",3
"dropout",3
"dual",3
"duplic",3
"durat",3
"dyadic",3
"eat",3
"edg",3
"ehar",3
"elementari",3
"elliott",3
"elsevi",3
"embarrass",3
"emori",3
"endur",3
"epidem",3
"era",3
"erat",3
"ere",3
"erenc",3
"está",3
"ethn",3
"eval",3
"evolutionari",3
"exceed",3
"experienti",3
"extra",3
"fac",3
"failur",3
"favour",3
"fertil",3
"ficat",3
"fifth",3
"finlayson",3
"firm",3
"ﬁve",3
"fluctuat",3
"fluenc",3
"flux",3
"ford",3
"forecast",3
"forego",3
"forgo",3
"forrest",3
"franz",3
"freeli",3
"frost",3
"fruit",3
"func",3
"fuse",3
"galinski",3
"gation",3
"gayidentifi",3
"gebhard",3
"geez",3
"genderidentifi",3
"genderlink",3
"genderspecif",3
"gerontolog",3
"gillman",3
"glass",3
"goldberg",3
"goldhamm",3
"gradat",3
"gray",3
"greta",3
"grid",3
"griffin",3
"grove",3
"habit",3
"had",3
"harmonis",3
"haseldon",3
"healthrisk",3
"heckathorn",3
"hillsdal",3
"hinder",3
"holder",3
"horm",3
"httpcreativecommonsorglicens",3
"httpcreativecommonsorgpublicdomainzero",3
"httptranshealthucsfedutranspagelibdatacollect",3
"httpwwwthetaskforceorgstatichtmldownloadsreportsreport",3
"hybrid",3
"ian",3
"implica",3
"impor",3
"imprecis",3
"impress",3
"inaccuraci",3
"inappropri",3
"incept",3
"ind",3
"induc",3
"ine",3
"infecti",3
"insert",3
"interac",3
"intercept",3
"internetbas",3
"interplay",3
"interrelationship",3
"intrigu",3
"inv",3
"investi",3
"invok",3
"iowa",3
"ipant",3
"isbn",3
"iter",3
"jack",3
"jama",3
"joestl",3
"jon",3
"kauth",3
"kendalltackett",3
"kenneth",3
"kick",3
"kimber",3
"kirk",3
"klassen",3
"kreider",3
"krowchuk",3
"landscap",3
"larri",3
"latinohispan",3
"launch",3
"layer",3
"lcf",3
"leadership",3
"legaci",3
"lengthi",3
"leon",3
"lesser",3
"lic",3
"lieu",3
"lihood",3
"likertscal",3
"lim",3
"lincoln",3
"listen",3
"llc",3
"loos",3
"lose",3
"lyberg",3
"lyse",3
"maleidentifi",3
"manalansan",3
"mandarin",3
"marci",3
"markov",3
"mascu",3
"masturb",3
"mcgraw",3
"merit",3
"metabol",3
"meyerbahlburg",3
"michell",3
"minkler",3
"minn",3
"minneapoli",3
"minoritycrosssex",3
"minorityinclus",3
"misalloc",3
"misinterpret",3
"mislead",3
"misrepresent",3
"misus",3
"mmwr",3
"mobil",3
"mont",3
"morrison",3
"mostashari",3
"mujer",3
"multicultur",3
"multiinstitut",3
"multimod",3
"multin",3
"municip",3
"nadaraja",3
"natsal",3
"nece",3
"nega",3
"neglect",3
"nemoto",3
"nervous",3
"netherland",3
"newli",3
"nific",3
"ning",3
"nonconformist",3
"nonexist",3
"nonlgb",3
"nonparametr",3
"nonparticip",3
"nonrandom",3
"noteworthi",3
"noth",3
"notwithstand",3
"nov",3
"ntdsfullpdf",3
"nunnal",3
"obfusc",3
"obscur",3
"obser",3
"occurr",3
"oldest",3
"onestep",3
"ontario",3
"osmer",3
"overrepres",3
"overus",3
"owner",3
"pamela",3
"parson",3
"partnershipcivil",3
"pathela",3
"patientcent",3
"pauciti",3
"paula",3
"pendent",3
"perpetu",3
"perspec",3
"pet",3
"pink",3
"pleasur",3
"plot",3
"pmid",3
"practition",3
"praventivm",3
"prehens",3
"prevail",3
"preven",3
"pries",3
"profound",3
"programm",3
"promin",3
"propens",3
"propon",3
"prostitut",3
"proven",3
"pur",3
"rachel",3
"racism",3
"rasinski",3
"readili",3
"reclassifi",3
"recognis",3
"reconcil",3
"reconstruct",3
"redund",3
"referenc",3
"remafedi",3
"rephras",3
"representa",3
"resembl",3
"resent",3
"reson",3
"riag",3
"ridgeway",3
"rin",3
"ring",3
"ross",3
"rothblum",3
"sale",3
"scan",3
"schuster",3
"sear",3
"selfadministr",3
"selfperceiv",3
"sepa",3
"sequent",3
"sev",3
"sexism",3
"sexlink",3
"sexolog",3
"shadish",3
"sheila",3
"shelter",3
"shipherd",3
"shock",3
"shoe",3
"shortcom",3
"should",3
"sick",3
"sifi",3
"simi",3
"simplifi",3
"sinal",3
"sional",3
"sionean",3
"sist",3
"sleep",3
"slide",3
"smallest",3
"sociologist",3
"solid",3
"soon",3
"southeast",3
"southern",3
"soz",3
"spatial",3
"speaker",3
"specialist",3
"spectiv",3
"specul",3
"spiritu",3
"spoke",3
"spur",3
"sreisnerhsphharvardedu",3
"statest",3
"steer",3
"stewart",3
"strive",3
"stromdahl",3
"subscrib",3
"subtl",3
"succeed",3
"sufﬁcient",3
"sullivan",3
"super",3
"supervisor",3
"sustain",3
"swere",3
"sys",3
"tackl",3
"terist",3
"theodor",3
"theorist",3
"therapeut",3
"thoasand",3
"threshold",3
"thrive",3
"tigat",3
"ting",3
"tionat",3
"tistic",3
"tkachuk",3
"tmc",3
"toledo",3
"ton",3
"tone",3
"touch",3
"town",3
"toy",3
"trace",3
"transcrib",3
"transexu",3
"transgendertranssexu",3
"traver",3
"tribut",3
"tude",3
"twospirit",3
"ulationbas",3
"ument",3
"unaccept",3
"underhil",3
"understudi",3
"unexamin",3
"unmeasur",3
"unnecessarili",3
"unscript",3
"untap",3
"unus",3
"ure",3
"varia",3
"vation",3
"vermont",3
"viii",3
"vious",3
"wagner",3
"waiver",3
"wang",3
"warren",3
"wasserman",3
"wealth",3
"weber",3
"webpag",3
"weinrich",3
"weird",3
"wellknown",3
"whitman",3
"wholli",3
"widen",3
"wise",3
"wit",3
"withinclust",3
"wont",3
"woo",3
"wwwstatisticsgovukstatbaseproductaspvlnk",3
"ybarra",3
"yeahi",3
"youd",3
"youngest",3
"zucker",3
"abnorm",2
"abund",2
"academia",2
"accultur",2
"acknowl",2
"acterist",2
"adjud",2
"agement",2
"agend",2
"agerel",2
"agreedupon",2
"alcoholrel",2
"aliz",2
"allen",2
"allianc",2
"allot",2
"amin",2
"analog",2
"anchor",2
"andrea",2
"angl",2
"anteced",2
"anti",2
"antitransgend",2
"anywher",2
"aphrodit",2
"arent",2
"art",2
"arteri",2
"asianpacif",2
"assembl",2
"associa",2
"assort",2
"attitudin",2
"attun",2
"audiotap",2
"auto",2
"awk",2
"backdrop",2
"barri",2
"bartlett",2
"bayesian",2
"beacon",2
"behind",2
"ben",2
"ber",2
"berkeley",2
"bestpractic",2
"bet",2
"bicuri",2
"biliti",2
"binat",2
"bind",2
"biomark",2
"bisexualidentifi",2
"blackwel",2
"borrow",2
"boss",2
"brain",2
"branch",2
"breadth",2
"broaden",2
"brook",2
"brumer",2
"cam",2
"cap",2
"cardiff",2
"cardiovascular",2
"carlo",2
"carr",2
"cas",2
"categoris",2
"cecilia",2
"centered",2
"cessat",2
"chae",2
"chapel",2
"char",2
"chart",2
"chi",2
"chromosom",2
"church",2
"chyen",2
"ciation",2
"cide",2
"circul",2
"cise",2
"clas",2
"clearest",2
"clientel",2
"closur",2
"cloth",2
"clusion",2
"clusiv",2
"cohortrel",2
"collec",2
"colorblind",2
"combina",2
"compara",2
"compl",2
"compli",2
"compo",2
"comprehen",2
"comprehend",2
"compro",2
"concen",2
"confront",2
"congress",2
"cons",2
"conscious",2
"conserva",2
"consi",2
"constanc",2
"contend",2
"contradict",2
"convert",2
"convey",2
"cornel",2
"corollari",2
"corp",2
"coulter",2
"coun",2
"cov",2
"cowork",2
"cre",2
"crepaz",2
"crowd",2
"culti",2
"cumul",2
"curaci",2
"curr",2
"cussion",2
"cynthia",2
"dant",2
"datareport",2
"dation",2
"dayday",2
"debut",2
"decisionmak",2
"ded",2
"deduc",2
"deep",2
"deeper",2
"defini",2
"delet",2
"delphia",2
"demonstrat",2
"denc",2
"dere",2
"derstand",2
"descriptor",2
"destabil",2
"destroy",2
"detriment",2
"diagnost",2
"dialogu",2
"dicat",2
"dice",2
"diego",2
"diet",2
"diffi",2
"digitdi",2
"dilut",2
"dinal",2
"disapprov",2
"disconnect",2
"discontinu",2
"discount",2
"discrim",2
"diseasebas",2
"dishonest",2
"disrupt",2
"diss",2
"doia",2
"doisi",2
"dollar",2
"dors",2
"drph",2
"dualfram",2
"dudley",2
"dull",2
"dyke",2
"echo",2
"eighti",2
"ellen",2
"empti",2
"enforc",2
"engin",2
"enon",2
"entitl",2
"epidemi",2
"epigenet",2
"episod",2
"erasur",2
"eric",2
"ethnograph",2
"exit",2
"expec",2
"expecta",2
"exploit",2
"extrapol",2
"factual",2
"fake",2
"fare",2
"fax",2
"fell",2
"fellowship",2
"fem",2
"fieldwork",2
"fifti",2
"fiftyon",2
"fillblank",2
"filter",2
"ﬁnal",2
"fine",2
"finit",2
"flate",2
"flaw",2
"floor",2
"footbal",2
"fore",2
"formiti",2
"fortyon",2
"fortyseven",2
"fourteen",2
"franci",2
"friendship",2
"fuzzi",2
"gabriel",2
"gage",2
"garner",2
"gayl",2
"gene",2
"germani",2
"gest",2
"gestur",2
"girlsfem",2
"glish",2
"god",2
"gone",2
"googl",2
"gov",2
"governor",2
"grace",2
"grappl",2
"grate",2
"gretchen",2
"gross",2
"guilti",2
"gunner",2
"hajat",2
"hampshir",2
"hardship",2
"harmon",2
"harvey",2
"haselden",2
"hast",2
"hawaii",2
"hazard",2
"healthseek",2
"heather",2
"heed",2
"hepat",2
"herein",2
"herm",2
"hes",2
"hivposit",2
"homosexualheterosexu",2
"hor",2
"hotel",2
"houston",2
"hrsagovhealthittoolboxruralhealthittoolboxintroductionqualifiedhtml",2
"html",2
"httpwilliamsinstitutelaw",2
"httpwwwcdcgovnch",2
"httpwwwcensus",2
"httpwwwgallupcompol",2
"httpwwwiomedu",2
"httpwwwstatisticsgovukstatbaseproductaspvlnk",2
"huggin",2
"huntington",2
"hypoth",2
"idat",2
"identitya",2
"iditi",2
"immens",2
"imper",2
"inat",2
"inclin",2
"inclu",2
"incor",2
"indiana",2
"individ",2
"inexor",2
"inferenti",2
"influ",2
"infrastructur",2
"infrequ",2
"ington",2
"inhibit",2
"inin",2
"inner",2
"innov",2
"insecur",2
"instruc",2
"intellig",2
"interdisciplinari",2
"interfer",2
"intertwin",2
"interven",2
"ioral",2
"iren",2
"irregular",2
"issn",2
"ister",2
"itat",2
"ite",2
"ithaca",2
"ition",2
"itor",2
"ject",2
"jeffrey",2
"jeffri",2
"jill",2
"jordan",2
"judici",2
"julian",2
"junior",2
"kati",2
"knowl",2
"lab",2
"land",2
"lationship",2
"lean",2
"lemat",2
"lgbtaprpdf",2
"lgbtinclus",2
"lippincott",2
"lish",2
"listserv",2
"lloyd",2
"lobbi",2
"longest",2
"longitu",2
"longstand",2
"loughbi",2
"mac",2
"madelin",2
"mak",2
"mall",2
"marelich",2
"margo",2
"maria",2
"marin",2
"marsden",2
"masculinityfeminin",2
"mckleroy",2
"medi",2
"melvin",2
"menwomen",2
"metric",2
"michel",2
"misclassi",2
"mise",2
"misguid",2
"mission",2
"mmpi",2
"mod",2
"monal",2
"multilevel",2
"multipli",2
"multiyear",2
"nadin",2
"narrowli",2
"natl",2
"necessit",2
"negro",2
"nelson",2
"nent",2
"nerabl",2
"neumann",2
"nick",2
"nition",2
"noncon",2
"nonenglishspeak",2
"noninstitu",2
"nonmarri",2
"nonmiss",2
"nonsexu",2
"nonus",2
"nualli",2
"nur",2
"objec",2
"obrien",2
"occa",2
"offenc",2
"ofﬁc",2
"offset",2
"ofsexu",2
"ohanlan",2
"okay",2
"olsen",2
"oneitem",2
"onset",2
"onss",2
"onward",2
"ope",2
"oppress",2
"optimist",2
"orat",2
"ordin",2
"organi",2
"orientationrel",2
"ortho",2
"outward",2
"pact",2
"palm",2
"paradox",2
"parentag",2
"participa",2
"partnerc",2
"passport",2
"pend",2
"personnel",2
"phila",2
"phras",2
"physio",2
"pizacani",2
"placebo",2
"planner",2
"plastic",2
"plausibl",2
"player",2
"pleck",2
"plex",2
"poli",2
"pollack",2
"porat",2
"porous",2
"portant",2
"possi",2
"postag",2
"poster",2
"postgradu",2
"poten",2
"premium",2
"preset",2
"pretat",2
"prete",2
"prev",2
"pri",2
"price",2
"priesl",2
"prize",2
"probabil",2
"programmat",2
"prolifer",2
"prom",2
"proposit",2
"protector",2
"protest",2
"provoc",2
"psycho",2
"psychotherapi",2
"puberti",2
"purg",2
"purpo",2
"pursu",2
"qua",2
"qualita",2
"quantum",2
"quasi",2
"quasiexperiment",2
"questionoverviewpdf",2
"rachael",2
"rdd",2
"rea",2
"reac",2
"readabl",2
"reallif",2
"reclaim",2
"recommen",2
"recontact",2
"recoveri",2
"recur",2
"redistribut",2
"reformul",2
"refrain",2
"regressor",2
"reimburs",2
"reinisch",2
"releg",2
"remaind",2
"remedi",2
"repetit",2
"repli",2
"reportsthehealthlesbiangaybisexualtransgenderpeopleaspx",2
"repositori",2
"represen",2
"residu",2
"respec",2
"retro",2
"reus",2
"revert",2
"rhode",2
"rig",2
"rigid",2
"rita",2
"river",2
"rob",2
"robertson",2
"roca",2
"rockvill",2
"rodriguez",2
"royal",2
"rubric",2
"safeguard",2
"safer",2
"salari",2
"samegend",2
"sandra",2
"sat",2
"scarc",2
"scare",2
"schedul",2
"schemat",2
"schilling",2
"sci",2
"sciencebas",2
"scopus",2
"screener",2
"segreg",2
"seguro",2
"seldom",2
"selfevid",2
"selfiden",2
"semlyen",2
"senseman",2
"ser",2
"sexbas",2
"sexualidentitypdf",2
"seymour",2
"shepard",2
"shield",2
"shop",2
"shorter",2
"shorthand",2
"shouldnt",2
"sibil",2
"silenc",2
"silvestr",2
"simmon",2
"simon",2
"singlequest",2
"sis",2
"sit",2
"sition",2
"sixti",2
"skirt",2
"sma",2
"smooth",2
"snapshot",2
"snow",2
"snowbal",2
"solv",2
"sonenstein",2
"sonia",2
"sota",2
"speci",2
"speed",2
"spond",2
"springerverlag",2
"stan",2
"stantial",2
"statelevel",2
"statisti",2
"stereo",2
"stern",2
"stimul",2
"stood",2
"strain",2
"strateg",2
"struction",2
"suboptim",2
"subtyp",2
"sudaan",2
"sue",2
"suffolk",2
"sug",2
"sui",2
"sumption",2
"surmis",2
"sus",2
"sylvia",2
"tai",2
"tant",2
"ted",2
"teenag",2
"tem",2
"tempt",2
"terpret",2
"testabl",2
"textual",2
"thac",2
"thermor",2
"thirteen",2
"thirtyf",2
"tial",2
"tic",2
"tific",2
"timefram",2
"tip",2
"toler",2
"too",2
"tori",2
"transmasculin",2
"transmiss",2
"transport",2
"transsex",2
"trator",2
"trivial",2
"trol",2
"tualli",2
"uclaeduwpcontentuploadsgateshowmanypeoplelgbtaprpdf",2
"ular",2
"unadjust",2
"unawar",2
"unchang",2
"undergo",2
"undergon",2
"underlin",2
"undermin",2
"undertak",2
"undertheor",2
"unduli",2
"unexpect",2
"unhappi",2
"unidimension",2
"unlabel",2
"unpreced",2
"unrecogn",2
"unresolv",2
"unsuit",2
"urat",2
"var",2
"veal",2
"victimiza",2
"victor",2
"vide",2
"viral",2
"virginian",2
"vocat",2
"voluntari",2
"vul",2
"wait",2
"walker",2
"waltham",2
"welleduc",2
"wendi",2
"wesbrook",2
"westat",2
"whichev",2
"widest",2
"wil",2
"williamsinstitutelawuclaedu",2
"williamsinstitutelawuclaeduwpcontentuploadsgateshowmanypeopl",2
"williamsinstitutelawuclaeduwpcontentuploadsgeniussgenderrel",2
"wolitski",2
"wom",2
"worthi",2
"writer",2
"wsw",2
"www",2
"wwwbiomedcentralcomsubmit",2
"xaxi",2
"yonder",2
"yses",2
"yute",2
"zuber",2
